<?xml version="1.0" encoding="UTF-8"?>
<project-private xmlns="http://www.netbeans.org/ns/project-private/1">
    <editor-bookmarks xmlns="http://www.netbeans.org/ns/editor-bookmarks/2" lastBookmarkId="0"/>
    <open-files xmlns="http://www.netbeans.org/ns/projectui-open-files/2">
        <group>
            <file>file:/C:/Users/Convidado/Documents/FATEC/SEMESTRE%20IV/ENG.SOFTW%20III/PRIJETO%20MVC/CalculadoraAstronomica/src/view/View.java</file>
            <file>file:/C:/Users/Convidado/Documents/FATEC/SEMESTRE%20IV/ENG.SOFTW%20III/PRIJETO%20MVC/CalculadoraAstronomica/src/calc/ControllerAstro.java</file>
            <file>file:/C:/Users/Convidado/Documents/FATEC/SEMESTRE%20IV/ENG.SOFTW%20III/PRIJETO%20MVC/CalculadoraAstronomica/src/calc/ModelAstro.java</file>
            <file>file:/C:/Users/Convidado/Documents/FATEC/SEMESTRE%20IV/ENG.SOFTW%20III/PRIJETO%20MVC/CalculadoraAstronomica/src/view/View2_historico.java</file>
        </group>
    </open-files>
</project-private>
